<?xml version="1.0" encoding="UTF-8" standalone="yes"?>
<addon id="plugin.video.ares"
       name="Ares"
       version="0.9.0"
       provider-name="Ipnootic">
  <requires>
    <import addon="xbmc.python" version="3.0.0"/>
  </requires>
  <extension point="xbmc.python.pluginsource" library="default.py">
    <provides>video</provides>
  </extension>
  <extension point="xbmc.service" library="service.py" start="login"/>
  <extension point="xbmc.addon.metadata">
    <summary lang="en_GB">Minimal, structured meta-addon with modular providers (a4kscrapers/cocoscrapers), Trakt, Real-Debrid, OpenSubtitles auto-load, and Anime section.</summary>
    <description lang="en_GB">Ares is a clean-room meta-addon: Search → Normalize → Rank → Resolve → Play. It adapts to a4kscrapers/cocoscrapers if installed, supports Trakt scrobble/watchlist, Real-Debrid for resolution, OpenSubtitles auto-load, and a customizable menu tree.</description>
    <platform>all</platform>
    <license>GPL-3.0-or-later</license>
    <source>https://example.invalid/ares</source>
  </extension>
</addon>
