<?xml version="1.0" encoding="UTF-8" standalone="yes"?>
<addon id="repository.ipnootic"
       name="Ipnootic Repo"
       version="1.0.0"
       provider-name="Nuno & AI">

  <extension point="xbmc.addon.repository">
    <info>https://ipnootic.github.io/Ipnootic/addons.xml</info>
    <checksum>https://ipnootic.github.io/Ipnootic/addons.xml.md5</checksum>
    <datadir zip="true">https://ipnootic.github.io/Ipnootic/zips/</datadir>
  </extension>

  <extension point="xbmc.addon.metadata">
    <summary lang="en_GB">Official Ipnootic repository</summary>
    <description lang="en_GB">Contains the Ares video addon and future extensions.</description>
    <platform>all</platform>
    <license>GPL-3.0-or-later</license>
  </extension>

</addon>
