<?xml version="0.9.7" encoding="UTF-8" standalone="yes"?>
<addon id="plugin.video.ares" name="Ares" version="0.9.1" provider-name="Ipnootic">
  <requires>
    <import addon="xbmc.python" version="3.0.0"/>
  </requires>

  <extension point="xbmc.python.pluginsource" library="default.py">
    <provides>video</provides>
  </extension>

  <extension point="xbmc.service" library="service.py" start="login"/>

  <extension point="xbmc.addon.metadata">
    <summary>Ares addon</summary>
    <description>Ares com Trakt (device), Real-Debrid (device/token), OpenSubtitles (API key) e auto-legendas.</description>
    <platform>all</platform>
    <license>GPL-3.0-or-later</license>
  </extension>
</addon>
