{
  "Minimal": [
    {
      "label": "Next Up",
      "route": {
        "action": "nextup"
      }
    },
    {
      "label": "Filmes",
      "route": {
        "action": "section",
        "type": "movie"
      }
    },
    {
      "label": "Séries",
      "route": {
        "action": "section",
        "type": "show"
      }
    },
    {
      "label": "Anime",
      "route": {
        "action": "anime_menu"
      }
    },
    {
      "label": "Pesquisar",
      "route": {
        "action": "search"
      }
    },
    {
      "label": "Trakt: Autorizar",
      "route": {
        "action": "trakt_auth"
      }
    }
  ],
  "Extended": [
    {
      "label": "Next Up",
      "route": {
        "action": "nextup"
      }
    },
    {
      "label": "Filmes (Popular)",
      "route": {
        "action": "discover",
        "type": "movie",
        "list": "popular"
      }
    },
    {
      "label": "Filmes (Top Rated)",
      "route": {
        "action": "discover",
        "type": "movie",
        "list": "top"
      }
    },
    {
      "label": "Séries (Trending)",
      "route": {
        "action": "discover",
        "type": "show",
        "list": "trending"
      }
    },
    {
      "label": "Continuar a ver (Trakt)",
      "route": {
        "action": "trakt",
        "list": "progress"
      }
    },
    {
      "label": "Anime (Temporada)",
      "route": {
        "action": "anime",
        "list": "season"
      }
    },
    {
      "label": "Pesquisar",
      "route": {
        "action": "search"
      }
    },
    {
      "label": "Definições",
      "route": {
        "action": "open_settings"
      }
    },
    {
      "label": "Trakt: Autorizar",
      "route": {
        "action": "trakt_auth"
      }
    }
  ],
  "Custom": [
    {
      "label": "Next Up",
      "route": {
        "action": "nextup"
      }
    },
    {
      "label": "Trakt: Autorizar",
      "route": {
        "action": "trakt_auth"
      }
    }
  ],
  "Fen-Style": [
    {
      "label": "Filmes",
      "route": {
        "action": "section",
        "type": "movie"
      }
    },
    {
      "label": "Séries",
      "route": {
        "action": "section",
        "type": "show"
      }
    },
    {
      "label": "Next Up",
      "route": {
        "action": "nextup"
      }
    },
    {
      "label": "Anime",
      "route": {
        "action": "anime_menu"
      }
    },
    {
      "label": "Pesquisar",
      "route": {
        "action": "search"
      }
    },
    {
      "label": "Trakt: Autorizar",
      "route": {
        "action": "trakt_auth"
      }
    }
  ]
}