<?xml version="1.0" encoding="UTF-8" standalone="yes"?>
<addon id="plugin.video.ares"
       name="Ares"
       version="0.9.7.1"
       provider-name="Ipnootic">

    <requires>
        <import addon="xbmc.python" version="3.0.0"/>
        <import addon="script.module.cocoscrapers" version="1.0.0"/>
        <import addon="script.module.a4kscrapers" version="1.0.0"/>
        <import addon="script.module.ptbrscrapers" version="1.0.0"/>
    </requires>

    <extension point="xbmc.python.pluginsource" library="default.py">
        <provides>video</provides>
    </extension>

    <extension point="xbmc.addon.metadata">
        <summary lang="en">Movies and TV Shows streaming with Real-Debrid, Trakt, TMDb</summary>
        <description lang="en">
            Ares addon v0.9.7.1 — Discover and search Movies & TV Shows using TMDb, Trakt and IMDb scrapers.
            Supports multiple providers (CocoScrapers, A4KScrapers, PT/BR pack) with Real-Debrid integration.
        </description>
        <language>en pt</language>
        <platform>all</platform>
    </extension>
</addon>
