<addon id="script.module.coco4seren"
       name="CocoScrapers for Seren"
       version="1.0.0"
       provider-name="Ipnootic">
  <requires>
    <import addon="xbmc.python" version="3.0.0" />
    <import addon="script.module.cocoscrapers" />
  </requires>

  <extension point="xbmc.python.module" library="." />
  <extension point="xbmc.addon.metadata">
    <summary lang="en">CocoScrapers Provider Package for Seren</summary>
    <description>Bridge that adapts CocoScrapers (Fen-style providers) to Seren's provider package system.</description>
    <platform>all</platform>
    <license>GPL-3.0</license>
  </extension>
</addon>
