{
  "name": "CocoScrapers for Seren",
  "version": "1.0.1",
  "providers": [
    { "name": "1337x",           "type": "torrent" },
    { "name": "bitcq",           "type": "torrent" },
    { "name": "bitlord",         "type": "torrent" },
    { "name": "bitsearch",       "type": "torrent" },
    { "name": "comet",           "type": "torrent" },
    { "name": "eztv",            "type": "torrent" },
    { "name": "isohunt2",        "type": "torrent" },
    { "name": "kickass2",        "type": "torrent" },
    { "name": "knaben",          "type": "torrent" },
    { "name": "limetorrents",    "type": "torrent" },
    { "name": "mediafusion",     "type": "torrent" },
    { "name": "nyaa",            "type": "torrent" },
    { "name": "piratebay",       "type": "torrent" },
    { "name": "torrentdownload", "type": "torrent" },
    { "name": "torrentfunk",     "type": "torrent" },
    { "name": "torrentgalaxy",   "type": "torrent" },
    { "name": "torrentio",       "type": "torrent" },
    { "name": "torrentproject2", "type": "torrent" },
    { "name": "torrentquest",    "type": "torrent" },
    { "name": "yourbittorrent",  "type": "torrent" },
    { "name": "ytsmx",           "type": "torrent" }
  ]
}
