{
  "name": "CocoScrapers for Seren",
  "version": "1.0.0",
  "providers": [
    { "name": "1337x",    "type": "torrent" },
    { "name": "eztv",     "type": "torrent" },
    { "name": "ytsmx",    "type": "torrent" },
    { "name": "rarbggo",  "type": "torrent" },
    { "name": "torlock",  "type": "torrent" },
    { "name": "piratebay","type": "torrent" },
    { "name": "magnetdl", "type": "torrent" },
    { "name": "bitsearch","type": "torrent" },
    { "name": "tgx",      "type": "torrent" },
    { "name": "limetorr", "type": "torrent" },

    { "name": "streamhub","type": "hoster" },
    { "name": "vidcloud", "type": "hoster" },
    { "name": "filemoon", "type": "hoster" },
    { "name": "dood",     "type": "hoster" },
    { "name": "mixdrop",  "type": "hoster" },
    { "name": "upstream", "type": "hoster" },
    { "name": "streamtape","type": "hoster" },
    { "name": "uptobox",  "type": "hoster" }
  ]
}
