<?xml version="1.0" encoding="UTF-8"?>
<addon id="repository.ipnootic"
       name="Ipnootic Repo"
       version="1.0.0"
       provider-name="Ipnootic">

  <extension point="xbmc.addon.repository" name="Ipnootic Repo">
    <info compressed="false">https://raw.githubusercontent.com/ipnootic/ipnootic/main/addons.xml</info>
    <checksum>https://raw.githubusercontent.com/ipnootic/ipnootic/main/addons.xml.md5</checksum>
    <datadir zip="true">https://raw.githubusercontent.com/ipnootic/ipnootic/main/Repo/</datadir>
  </extension>

  <extension point="xbmc.addon.metadata">
    <summary lang="en_GB">Ipnootic repository (empty for now).</summary>
    <description lang="en_GB">Clean repository to enable auto-updates later.</description>
    <platform>all</platform>
  </extension>
</addon>

