<?xml version="1.0" encoding="UTF-8" standalone="yes"?>
<addon id="repository.ipnootic"
       name="Ipnootic Repo"
       version="1.0.0"
       provider-name="Ipnootic">

  <requires>
    <import addon="xbmc.addon" version="12.0.0"/>
  </requires>

  <extension point="xbmc.addon.repository" name="Ipnootic Repo">
    <!-- Lista de add-ons do repositório (vazio por agora) -->
    <info compressed="false">https://ipnootic.github.io/ipnootic/main/addons.xml</info>
    <!-- MD5 do ficheiro acima -->
    <checksum>https://ipnootic.github.io/ipnootic/main/addons.xml.md5</checksum>
    <!-- Base onde vivem os .zip de cada add-on -->
    <datadir zip="true">https://ipnootic.github.io/ipnootic/main/Repo/</datadir>
  </extension>

  <extension point="xbmc.addon.metadata">
    <summary lang="en_GB">Ipnootic repository (empty for now).</summary>
    <description lang="en_GB">Clean repository to enable auto-updates later.</description>
    <platform>all</platform>
  </extension>
</addon>
