<?xml version="1.0" encoding="UTF-8"?>
<addon id="repository.ipnootic" name="Ipnootic Repo" version="1.0.0" provider-name="Ipnootic">
  <extension point="xbmc.addon.repository" name="Ipnootic Repo">
    <dir>
      <info compressed="false">https://ipnootic.github.io/Ipnootic/repo/zips/addons.xml</info>
      <checksum>https://ipnootic.github.io/Ipnootic/repo/zips/addons.xml.md5</checksum>
      <datadir zip="true">https://ipnootic.github.io/Ipnootic/repo/zips/</datadir>
    </dir>
  </extension>
  <extension point="xbmc.addon.metadata">
    <summary lang="en_GB">Ipnootic repository</summary>
    <platform>all</platform>
  </extension>
</addon>
