<addon id="plugin.video.nimbus"
       name="Nimbus"
       version="1.0.0"
       provider-name="CodeCrafter">
    <requires>
        <import addon="xbmc.python" version="3.0.0"/>
    </requires>
    <extension point="xbmc.python.pluginsource" library="main.py" />
    <extension point="xbmc.addon.metadata">
        <summary>Nimbus - Addon modular para filmes e séries</summary>
        <description>Pesquisa, organiza e visualiza conteúdos próprios ou públicos. Integrações com TMDB, Trakt, Real-Debrid, OpenSubtitles. Suporte a scrapers externos.</description>
        <platform>all</platform>
    </extension>
</addon>
